order_id,user_id,order_date,product_id,quantity,unit_price,discount_pct,total_amount,payment_method,order_status
5001,151,2023-03-03,1044.0,1,2498.0,0.05,2373.1,UPI,Completed
5002,28,2023-03-08,1042.0,1,1626.0,0.0,1626.0,Net Banking,Refunded
5003,266,2023-06-26,1031.0,1,1546.0,0.0,1546.0,Credit Card,Completed
5004,177,2023-04-10,1039.0,1,445.0,0.15,378.25,Net Banking,Cancelled
5005,113,2023-10-12,1015.0,1,1375.0,0.0,1375.0,UPI,
5006,141,2024-05-20,1033.0,1,1100.0,0.0,1100.0,Net Banking,Completed
5007,293,2025-01-12,1039.0,1,445.0,0.0,445.0,UPI,Completed
5008,193,2024-09-08,1037.0,1,1683.0,0.05,1598.85,COD,Cancelled
5009,221,2023-04-07,1036.0,1,271.0,0.0,271.0,Credit Card,Completed
5010,242,2024-01-19,1016.0,1,1479.0,0.1,1331.1,Debit Card,Completed
5011,127,2023-05-15,1028.0,1,5991.0,0.2,4792.8,Debit Card,Completed
5012,460,2025-01-14,1015.0,1,1375.0,0.0,1375.0,Net Banking,Completed
5013,95,2025-01-12,1003.0,1,3618.0,0.0,5427.0,Credit Card,Completed
5014,263,2023-03-20,1031.0,2,1546.0,0.05,2937.4,Debit Card,Completed
5015,383,2025-01-12,1017.0,1,2326.0,0.0,2326.0,UPI,Refunded
5016,213,2023-10-08,1038.0,1,1498.0,0.0,1498.0,UPI,Refunded
5017,122,2025-01-12,1025.0,1,1458.0,0.05,1385.1,COD,Completed
5018,192,2023-11-11,1006.0,1,3257.0,0.0,3257.0,Net Banking,
5019,276,2023-06-09,1038.0,1,1498.0,0.0,1498.0,COD,Completed
5020,153,2023-08-29,1012.0,1,1799.0,0.15,2293.73,Debit Card,Completed
5021,211,2024-09-10,1024.0,1,4590.0,0.15,3901.5,Credit Card,Completed
5022,23,2023-09-11,1013.0,1,958.0,0.05,910.1,Net Banking,Completed
5023,275,2023-04-13,1041.0,1,2490.0,0.1,2241.0,Credit Card,Refunded
5024,258,2025-01-14,1038.0,3,1498.0,0.0,4494.0,Net Banking,Completed
5025,57,2025-01-13,1036.0,1,271.0,0.0,271.0,Debit Card,Refunded
5026,284,2023-08-30,1037.0,1,1683.0,0.0,1683.0,Debit Card,Completed
5027,13,2024-06-20,1031.0,1,1546.0,0.15,1314.1,Net Banking,Refunded
5028,425,2023-04-24,1028.0,1,5991.0,0.0,5991.0,COD,Completed
5029,130,2023-04-23,1019.0,1,2481.0,0.05,2356.95,UPI,Completed
5030,295,2024-08-31,1019.0,1,2481.0,0.0,1240.5,Credit Card,Completed
5031,353,2024-03-04,1021.0,1,5455.0,0.0,2727.5,Net Banking,Completed
5032,237,2023-06-21,1025.0,1,1458.0,0.0,1458.0,Debit Card,Completed
5033,28,2023-01-29,1021.0,3,5455.0,0.0,16365.0,Credit Card,Completed
5034,95,2024-12-31,1029.0,1,4428.0,0.0,4428.0,Net Banking,
5035,276,2023-09-18,1034.0,1,1908.0,0.0,954.0,UPI,Completed
5036,241,2024-01-31,1009.0,1,3062.0,0.1,2755.8,Net Banking,Completed
5037,126,2023-07-01,1025.0,1,1458.0,0.0,1458.0,Net Banking,Completed
5038,449,2025-01-01,1024.0,1,4590.0,0.05,4360.5,Net Banking,Completed
5039,352,2024-07-20,1028.0,1,5991.0,0.15,5092.35,Credit Card,Completed
5040,245,2023-04-06,1035.0,1,1856.0,0.0,1856.0,Net Banking,Cancelled
5041,117,2025-01-11,1046.0,1,247.0,0.15,209.95,Debit Card,Completed
5042,397,2023-04-15,1002.0,1,1165.0,0.05,1106.75,Debit Card,Refunded
5043,47,2023-06-02,1021.0,1,5455.0,0.0,5455.0,Debit Card,Completed
5044,140,2024-01-13,1001.0,1,1559.0,0.0,1559.0,COD,Refunded
5045,86,2024-12-31,1044.0,1,2498.0,0.05,2373.1,UPI,Refunded
5046,116,2025-01-11,1022.0,1,901.0,0.0,901.0,COD,Cancelled
5047,350,2023-02-28,1022.0,1,901.0,0.0,901.0,Debit Card,Cancelled
5048,44,2023-08-11,1004.0,1,3132.0,0.0,3132.0,COD,Refunded
5049,44,2023-05-04,1012.0,1,1799.0,0.0,1799.0,Debit Card,Completed
5050,469,2025-01-11,1039.0,1,445.0,0.0,445.0,Net Banking,Completed
5051,256,2023-04-16,1011.0,1,2254.0,0.2,901.6,Credit Card,Completed
5052,234,2023-12-15,1046.0,1,247.0,0.0,247.0,UPI,Completed
5053,13,2024-06-30,1019.0,1,2481.0,0.2,1984.8,Credit Card,Completed
5054,498,2023-01-15,1038.0,1,1498.0,0.0,2996.0,COD,Completed
5055,75,2023-08-26,1033.0,2,1100.0,0.15,1870.0,UPI,Refunded
5056,12,2023-11-15,1014.0,1,1574.0,0.0,1574.0,UPI,Completed
5057,167,2023-11-03,1033.0,1,1100.0,0.0,1100.0,Net Banking,Completed
5058,264,2023-03-19,1039.0,1,445.0,0.0,445.0,COD,Completed
5059,119,2023-05-24,1015.0,1,1375.0,0.15,1168.75,Debit Card,Completed
5060,386,2025-01-11,1029.0,1,4428.0,0.0,4428.0,UPI,Refunded
5061,342,2025-01-15,1018.0,1,1997.0,0.1,1797.3,Credit Card,Completed
5062,424,2023-03-29,1014.0,1,1574.0,0.0,1574.0,Credit Card,Refunded
5063,17,2024-01-08,1008.0,1,4255.0,0.1,3829.5,Net Banking,Completed
5064,79,2024-01-30,1045.0,0,570.0,0.15,484.5,COD,Completed
5065,90,2023-05-27,1044.0,1,2498.0,0.0,2498.0,Credit Card,Completed
5066,213,2024-02-13,1007.0,1,3704.0,0.05,3518.8,COD,Refunded
5067,487,2024-06-27,1038.0,2,1498.0,0.15,2546.6,COD,Completed
5068,273,2024-03-23,1043.0,1,2355.0,0.2,1884.0,Debit Card,Cancelled
5069,162,2023-11-07,1017.0,1,2326.0,0.15,1977.1,Net Banking,Completed
5070,152,2023-10-13,1025.0,1,1458.0,0.0,1458.0,UPI,Completed
5071,118,2023-03-21,1045.0,1,570.0,0.15,484.5,Credit Card,Refunded
5072,28,2023-01-09,1034.0,1,1908.0,0.15,1621.8,COD,Completed
5073,440,2023-02-15,1039.0,1,445.0,0.0,445.0,COD,Refunded
5074,48,2024-04-02,1017.0,1,2326.0,0.05,2209.7,Credit Card,Cancelled
5075,72,2024-12-25,1015.0,1,1375.0,0.0,1375.0,COD,Cancelled
5076,42,2024-04-18,1021.0,1,5455.0,0.05,5182.25,UPI,Completed
5077,400,2024-05-28,1002.0,1,1165.0,0.05,1106.75,Debit Card,Completed
5078,85,2024-12-26,1041.0,1,2490.0,0.0,2490.0,Net Banking,Completed
5079,402,2023-04-22,1035.0,1,1856.0,0.0,1856.0,Credit Card,Completed
5080,181,2023-07-21,1021.0,1,5455.0,0.0,5455.0,Debit Card,Completed
5081,82,2024-02-03,1006.0,1,3257.0,0.0,3257.0,Net Banking,Completed
5082,268,2024-05-13,1005.0,1,4816.0,0.1,4334.4,Debit Card,Completed
5083,195,2023-05-27,1031.0,1,1546.0,0.0,3092.0,Credit Card,Completed
5084,194,2023-06-08,1023.0,1,1883.0,0.0,1883.0,Net Banking,Completed
5085,194,2023-09-24,1037.0,1,1683.0,0.0,1683.0,Debit Card,Completed
5086,339,2023-05-09,1004.0,1,3132.0,0.1,2818.8,COD,Completed
5087,366,2025-01-10,1003.0,1,3618.0,0.0,3618.0,COD,Refunded
5088,236,2023-07-08,1040.0,1,939.0,0.2,751.2,Credit Card,Refunded
5089,65,2023-05-10,1005.0,1,4816.0,0.1,4334.4,COD,Completed
5090,64,2024-03-02,1036.0,2,271.0,0.1,487.8,COD,Completed
5091,486,2024-03-18,1031.0,1,1546.0,0.15,1314.1,COD,Completed
5092,332,2023-07-10,1005.0,1,4816.0,0.0,4816.0,COD,Cancelled
5093,348,2025-01-10,1047.0,1,311.0,0.05,295.45,Debit Card,Cancelled
5094,82,2023-08-17,1002.0,1,1165.0,0.0,1165.0,Net Banking,Refunded
5095,110,2024-02-25,1007.0,1,3704.0,0.1,3333.6,Debit Card,Cancelled
5096,485,2025-01-02,1041.0,1,2490.0,0.0,2490.0,Credit Card,Completed
5097,207,2023-02-15,1015.0,1,1375.0,0.0,1375.0,UPI,Completed
5098,343,2023-05-03,1006.0,1,3257.0,0.0,3257.0,COD,Refunded
5099,492,2023-05-04,1034.0,1,1908.0,0.15,1621.8,Credit Card,Completed
5100,285,2023-12-08,1045.0,1,570.0,0.0,570.0,Net Banking,Completed
5101,313,2025-01-17,1045.0,1,570.0,0.05,1083.0,Credit Card,Completed
5102,105,2024-02-14,1014.0,1,1574.0,0.1,1416.6,COD,Completed
5103,162,2023-11-30,1046.0,1,247.0,0.1,222.3,UPI,Completed
5104,365,2024-02-18,1039.0,1,445.0,0.0,445.0,COD,Completed
5105,500,2023-09-20,1013.0,1,1187.0,0.05,1127.65,Debit Card,Cancelled
5106,116,2025-01-18,1027.0,2,4026.0,0.1,7246.8,COD,Refunded
5107,255,2024-09-15,1021.0,3,5455.0,0.0,16365.0,COD,Refunded
5108,457,2023-02-25,1001.0,1,1559.0,0.0,1559.0,COD,Completed
5109,55,2024-01-27,1022.0,1,901.0,0.0,901.0,Credit Card,Completed
5110,353,2024-07-22,1025.0,1,1458.0,0.05,1385.1,UPI,Refunded
5111,492,2023-05-21,1047.0,2,311.0,0.15,528.7,Debit Card,Cancelled
5112,313,2024-10-25,1023.0,1,1883.0,0.0,1883.0,COD,Completed
5113,328,2024-08-29,1037.0,1,1683.0,0.05,1598.85,Debit Card,Cancelled
5114,430,2023-05-14,1002.0,1,1165.0,0.1,1048.5,Credit Card,Completed
5115,311,2023-11-11,1039.0,1,445.0,0.0,445.0,UPI,Cancelled
5116,48,2023-11-16,1017.0,2,2326.0,0.05,4419.4,COD,Refunded
5117,209,2024-10-05,1003.0,1,3618.0,0.05,3437.1,Net Banking,Cancelled
5118,220,2023-03-01,1028.0,3,5991.0,0.1,16175.7,Net Banking,Completed
5119,400,2024-04-18,1002.0,2,1165.0,0.15,1980.5,Debit Card,Completed
5120,200,2024-04-02,1026.0,2,3024.0,0.0,6048.0,Net Banking,Completed
5121,38,2023-04-05,1021.0,2,5455.0,0.0,10910.0,Debit Card,Completed
5122,183,2024-08-19,1004.0,1,3132.0,0.05,2975.4,Net Banking,Cancelled
5123,218,2023-11-29,1036.0,1,271.0,0.0,271.0,Debit Card,Completed
5124,384,2025-01-13,1003.0,1,3618.0,0.0,3618.0,Credit Card,Cancelled
5125,176,2025-01-09,1020.0,1,2753.0,0.15,2340.05,Credit Card,Refunded
5126,209,2024-08-14,1003.0,1,3618.0,0.05,3437.1,Debit Card,Completed
5127,232,2024-09-06,1045.0,1,570.0,0.05,812.25,UPI,Refunded
5128,412,2024-05-02,1019.0,1,2481.0,0.0,3721.5,Credit Card,Refunded
5129,207,2023-02-16,1039.0,1,445.0,0.05,422.75,Net Banking,Refunded
5130,446,2023-03-21,1043.0,1,2355.0,0.05,2237.25,UPI,Cancelled
5131,456,2023-02-15,1034.0,1,1908.0,0.05,1812.6,Credit Card,Refunded
5132,76,2024-05-11,1022.0,1,901.0,0.0,901.0,COD,Refunded
5133,406,2023-01-14,1013.0,2,917.0,0.0,1834.0,Debit Card,Completed
5134,400,2024-09-11,1010.0,1,6934.0,0.0,6934.0,Net Banking,Completed
5135,319,2023-05-03,1045.0,1,570.0,0.05,541.5,Net Banking,Cancelled
5136,498,2023-02-26,1002.0,1,1165.0,0.0,1165.0,COD,Completed
5137,311,2023-07-26,1015.0,1,1375.0,0.05,1306.25,Credit Card,Refunded
5138,337,2023-12-31,1036.0,1,271.0,0.1,243.9,Net Banking,Completed
5139,455,2025-01-04,1043.0,1,2355.0,0.0,2355.0,UPI,Completed
5140,282,2023-08-27,1010.0,1,6934.0,0.1,6240.6,UPI,Completed
5141,402,2023-04-24,1036.0,1,271.0,0.0,271.0,UPI,Completed
5142,288,2023-12-04,1031.0,1,1546.0,0.0,1546.0,COD,Completed
5143,161,2023-09-18,1037.0,1,1683.0,0.15,1430.55,Net Banking,Completed
5144,278,2025-01-02,1010.0,1,6934.0,0.1,6240.6,UPI,Completed
5145,427,2024-04-18,1011.0,1,2254.0,0.0,4508.0,Net Banking,Cancelled
5146,33,2023-09-22,1004.0,1,3132.0,0.2,2505.6,Credit Card,Completed
5147,417,2024-01-25,1040.0,1,939.0,0.2,751.2,Net Banking,Completed
5148,271,2023-08-24,1004.0,1,3132.0,0.0,3132.0,UPI,Completed
5149,233,2023-09-25,1027.0,1,4026.0,0.15,3422.1,Net Banking,Cancelled
5150,322,2024-08-12,1010.0,1,6934.0,0.0,6934.0,Net Banking,Cancelled
5151,227,2024-03-25,1039.0,1,445.0,0.0,445.0,Net Banking,Completed
5152,391,2023-09-08,1027.0,1,4026.0,0.05,3824.7,Net Banking,Completed
5153,372,2023-08-07,1041.0,1,2490.0,0.15,2116.5,COD,Refunded
5154,35,2023-06-20,1017.0,1,2326.0,0.15,1977.1,Credit Card,Completed
5155,104,2023-09-26,1030.0,1,5929.0,0.15,5039.65,Credit Card,Completed
5156,177,2023-03-04,1026.0,-1,3024.0,0.05,2872.8,UPI,Completed
5157,309,2025-01-14,1001.0,1,1559.0,0.0,1559.0,Credit Card,Completed
5158,240,2024-06-20,1032.0,1,1669.0,0.2,1335.2,UPI,Cancelled
5159,457,2023-03-21,1043.0,1,2355.0,0.0,2355.0,COD,Completed
5160,166,2024-02-19,1004.0,1,3132.0,0.0,3132.0,Net Banking,Completed
5161,142,2024-05-14,1019.0,3,2481.0,0.0,7443.0,Net Banking,Completed
5162,241,2024-02-13,1035.0,1,1856.0,0.0,1856.0,Credit Card,Refunded
5163,469,2025-01-14,1005.0,1,4816.0,0.0,4816.0,COD,Refunded
5164,424,2025-01-14,1007.0,1,3704.0,0.0,3704.0,COD,Refunded
5165,175,2023-10-06,1032.0,1,1669.0,0.05,1585.55,COD,Completed
5166,125,2023-10-15,1008.0,1,4255.0,0.0,4255.0,Debit Card,Completed
5167,118,2023-02-16,1037.0,1,1683.0,0.2,2692.8,Net Banking,Cancelled
5168,349,2024-10-16,1008.0,1,4255.0,0.1,3829.5,Net Banking,Completed
5169,266,2023-08-31,1010.0,2,6934.0,0.0,13868.0,UPI,Completed
5170,338,2024-12-24,1011.0,1,2254.0,0.05,2141.3,Debit Card,
5171,8,2024-12-26,1022.0,1,901.0,0.0,901.0,Credit Card,Refunded
5172,376,2023-09-04,1005.0,1,4816.0,0.1,4334.4,Debit Card,Completed
5173,291,2023-07-10,1026.0,3,3024.0,0.1,8164.8,Debit Card,Refunded
5174,121,2024-05-29,1028.0,1,5991.0,0.05,5691.45,Credit Card,Completed
5175,457,2023-03-11,1003.0,2,3618.0,0.1,6512.4,COD,Completed
5176,222,2024-04-26,1047.0,1,311.0,0.05,295.45,Debit Card,Completed
5177,452,2023-07-05,1039.0,1,445.0,0.1,400.5,Debit Card,Completed
5178,178,2023-09-03,1029.0,1,4428.0,0.05,4206.6,Net Banking,Completed
5179,47,2023-03-21,1023.0,2,1883.0,0.0,3766.0,Credit Card,Cancelled
5180,277,2023-06-12,1043.0,1,2355.0,0.15,2001.75,COD,Completed
5181,33,2023-08-02,1047.0,1,311.0,0.2,248.8,COD,Cancelled
5182,77,2023-03-26,1040.0,1,939.0,0.0,939.0,Debit Card,Completed
5183,265,2023-05-04,1037.0,1,1683.0,0.2,2692.8,UPI,
5184,205,2024-09-26,1042.0,1,1626.0,0.05,1544.7,UPI,Completed
5185,340,2024-01-16,1024.0,1,4590.0,0.0,4590.0,COD,Cancelled
5186,20,2024-11-18,1002.0,1,1165.0,0.0,1165.0,Debit Card,Completed
5187,138,2024-08-14,1017.0,1,2326.0,0.05,2209.7,Debit Card,Completed
5188,424,2023-06-23,1040.0,1,939.0,0.05,892.05,COD,Refunded
5189,434,2024-04-10,1018.0,1,1997.0,0.1,1797.3,COD,Refunded
5190,479,2023-02-01,1007.0,1,3704.0,0.0,3704.0,Credit Card,Completed
5191,273,2024-08-30,1022.0,1,901.0,0.15,765.85,Credit Card,Cancelled
5192,496,2024-04-23,1037.0,1,1683.0,0.15,1430.55,COD,Completed
5193,312,2023-08-02,1044.0,1,2498.0,0.0,2498.0,Net Banking,Refunded
5194,190,2023-06-25,1024.0,1,4590.0,0.05,4360.5,Debit Card,Refunded
5195,9,2023-11-12,1040.0,1,939.0,0.0,939.0,UPI,Completed
5196,100,2023-05-29,1020.0,1,2753.0,0.0,2753.0,UPI,Refunded
5197,475,2023-09-08,1008.0,2,4255.0,0.05,8084.5,COD,Completed
5198,121,2024-04-01,1018.0,1,1997.0,0.0,1997.0,Debit Card,Completed
5199,151,2023-04-07,1030.0,1,5929.0,0.1,5336.1,Debit Card,Completed
5200,318,2023-09-02,1014.0,1,1574.0,0.0,1574.0,Net Banking,Completed
5201,230,2024-01-21,1021.0,1,5455.0,0.2,4364.0,Debit Card,Completed
5202,487,2023-07-20,1006.0,1,3257.0,0.0,3257.0,COD,Completed
5203,269,2023-10-29,1031.0,1,1546.0,0.05,1468.7,Debit Card,Completed
5204,185,2023-10-19,1009.0,1,3062.0,0.05,2908.9,Credit Card,Cancelled
5205,456,2023-05-28,1009.0,2,3062.0,0.05,5817.8,UPI,Cancelled
5206,490,2024-05-18,1021.0,2,5455.0,0.05,10364.5,Net Banking,Refunded
5207,144,2023-05-11,1020.0,2,2753.0,0.0,5506.0,COD,Completed
5208,324,2023-03-17,1022.0,1,901.0,0.0,901.0,Debit Card,Refunded
5209,92,2025-01-03,1009.0,1,3062.0,0.05,2908.9,Debit Card,Cancelled
5210,14,2025-01-15,1001.0,2,1559.0,0.0,3118.0,COD,Completed
5211,332,2023-11-25,1015.0,1,1375.0,0.0,1375.0,Debit Card,Completed
5212,445,2024-10-27,1021.0,1,5455.0,0.0,5455.0,Net Banking,Completed
5213,285,2024-12-27,1012.0,1,1799.0,0.0,1799.0,Net Banking,Refunded
5214,198,2023-10-03,1038.0,1,1498.0,0.1,1348.2,Net Banking,Completed
5215,230,2023-11-30,1041.0,1,2490.0,0.1,2241.0,Credit Card,Completed
5216,188,2024-07-04,1033.0,3,1100.0,0.1,2970.0,COD,Completed
5217,112,2023-03-01,1012.0,1,1799.0,0.1,1619.1,Credit Card,Completed
5218,103,2023-06-17,1039.0,1,445.0,0.1,600.75,Net Banking,Completed
5219,379,2024-04-15,1001.0,2,1559.0,0.05,2962.1,COD,Completed
5220,238,2023-04-23,1023.0,1,1883.0,0.0,1883.0,Net Banking,Completed
5221,91,2025-01-02,1012.0,2,1799.0,0.0,3598.0,COD,Completed
5222,322,2025-01-11,1031.0,1,1546.0,0.0,1546.0,COD,Completed
5223,47,2023-03-31,1033.0,1,1100.0,0.15,935.0,Credit Card,Refunded
5224,374,2025-01-16,1026.0,1,3024.0,0.15,2570.4,Credit Card,Cancelled
5225,33,2023-09-18,1030.0,1,5929.0,0.0,5929.0,COD,Refunded
5226,495,2024-03-30,1012.0,3,1799.0,0.15,4587.45,COD,Refunded
5227,466,2025-01-02,1040.0,1,939.0,0.0,939.0,Debit Card,Cancelled
5228,337,2024-05-12,1038.0,1,1498.0,0.0,1498.0,Debit Card,Completed
5229,335,2024-10-31,1024.0,1,4590.0,0.0,4590.0,Debit Card,Completed
5230,285,2024-02-20,1020.0,1,2753.0,0.0,2753.0,Credit Card,Cancelled
5231,83,2023-09-14,1026.0,1,3024.0,0.15,2570.4,COD,Completed
5232,416,2024-12-26,1032.0,1,1669.0,0.1,1502.1,Net Banking,Refunded
5233,2,2023-04-12,1012.0,1,1799.0,0.0,1799.0,Net Banking,Refunded
5234,389,2024-07-23,1034.0,2,1908.0,0.1,3434.4,Credit Card,Completed
5235,297,2023-06-14,1036.0,2,271.0,0.05,514.9,Credit Card,Completed
5236,407,2024-06-19,1024.0,1,4590.0,0.1,4131.0,UPI,Completed
5237,453,2025-01-18,1017.0,1,2326.0,0.0,2326.0,COD,Cancelled
5238,258,2025-01-20,1033.0,2,1100.0,0.0,2200.0,COD,Completed
5239,183,2024-12-26,1012.0,1,1799.0,0.05,1709.05,Credit Card,Completed
5240,9,2023-07-17,1018.0,3,1997.0,0.0,5991.0,COD,Refunded
5241,165,2023-03-19,1008.0,1,4255.0,0.0,4255.0,UPI,Refunded
5242,12,2023-10-13,1010.0,1,6934.0,0.0,6934.0,UPI,Completed
5243,48,2023-10-06,1020.0,1,2753.0,0.0,2753.0,COD,Completed
5244,422,2023-04-01,1013.0,1,220.0,0.2,176.0,UPI,
5245,312,2023-06-05,1008.0,1,4255.0,0.0,4255.0,Credit Card,Completed
5246,61,2024-01-11,1044.0,2,2498.0,0.2,3996.8,UPI,Completed
5247,59,2024-07-19,1039.0,1,445.0,0.05,422.75,Credit Card,Completed
5248,468,2023-11-19,1012.0,1,1799.0,0.05,854.52,Net Banking,Refunded
5249,478,2025-01-12,1013.0,1,2751.0,0.0,2751.0,Debit Card,Cancelled
5250,107,2023-10-19,1035.0,1,1856.0,0.0,1856.0,COD,Completed
5251,54,2023-11-12,1010.0,1,6934.0,0.0,6934.0,Net Banking,Refunded
5252,321,2025-01-09,1034.0,1,1908.0,0.0,3816.0,Credit Card,Completed
5253,306,2024-11-01,1019.0,1,2481.0,0.0,2481.0,Debit Card,Completed
5254,370,2024-07-13,1025.0,1,1458.0,0.0,1458.0,COD,Completed
5255,306,2024-10-16,1023.0,-1,1883.0,0.05,1788.85,Net Banking,Completed
5256,61,2024-04-24,1010.0,1,6934.0,0.0,6934.0,Net Banking,Completed
5257,158,2024-03-08,1009.0,1,3062.0,0.0,3062.0,UPI,Completed
5258,73,2023-02-15,1031.0,2,1546.0,0.0,3092.0,COD,Completed
5259,254,2024-01-10,1018.0,1,1997.0,0.05,1897.15,Net Banking,Completed
5260,219,2023-06-13,1038.0,1,1498.0,0.0,1498.0,Debit Card,Completed
5261,164,2023-08-07,1017.0,3,2326.0,0.0,6978.0,Credit Card,Completed
5262,360,2023-05-28,1046.0,0,247.0,0.0,494.0,Net Banking,Cancelled
5263,289,2023-08-06,1041.0,1,2490.0,0.0,2490.0,Net Banking,Completed
5264,303,2025-01-09,1044.0,1,2498.0,0.0,2498.0,Debit Card,Completed
5265,246,2024-02-13,1007.0,-1,3704.0,0.1,3333.6,UPI,Refunded
5266,394,2024-03-08,1008.0,1,4255.0,0.05,2021.12,COD,Cancelled
5267,118,2023-02-06,1007.0,1,3704.0,0.0,3704.0,COD,Cancelled
5268,22,2023-09-21,1035.0,1,1856.0,0.0,1856.0,Credit Card,Completed
5269,304,2023-06-03,1002.0,2,1165.0,0.0,2330.0,Credit Card,Completed
5270,261,2023-12-23,1003.0,1,3618.0,0.0,3618.0,UPI,Completed
5271,497,2024-04-11,1004.0,1,3132.0,0.0,3132.0,Debit Card,Cancelled
5272,103,2023-09-12,1026.0,1,3024.0,0.1,5443.2,COD,Completed
5273,441,2023-06-05,1034.0,1,1908.0,0.0,1908.0,UPI,Cancelled
5274,105,2024-03-02,1008.0,1,4255.0,0.0,4255.0,COD,Completed
5275,207,2023-06-30,1011.0,1,2254.0,0.15,1915.9,Net Banking,Cancelled
5276,224,2024-12-24,1010.0,1,6934.0,0.05,6587.3,UPI,Cancelled
5277,17,2023-11-09,1004.0,3,3132.0,0.0,9396.0,COD,Completed
5278,13,2024-05-14,1005.0,1,4816.0,0.0,4816.0,Debit Card,Completed
5279,20,2024-10-05,1002.0,1,1165.0,0.0,1165.0,UPI,Refunded
5280,421,2024-07-24,1046.0,1,247.0,0.05,234.65,UPI,Refunded
5281,162,2023-10-10,1016.0,1,1479.0,0.1,1331.1,COD,Completed
5282,312,2023-11-12,1033.0,1,1100.0,0.05,1045.0,Net Banking,Cancelled
5283,402,2023-06-26,1039.0,1,445.0,0.0,445.0,COD,Cancelled
5284,225,2024-12-29,1008.0,1,4255.0,0.0,4255.0,Net Banking,Cancelled
5285,490,2023-11-01,1007.0,1,3704.0,0.0,3704.0,Debit Card,Refunded
5286,128,2023-05-01,1015.0,1,1375.0,0.1,1237.5,COD,Refunded
5287,305,2023-03-20,1019.0,1,2481.0,0.15,2108.85,UPI,Completed
5288,365,2023-10-06,1017.0,1,2326.0,0.0,2326.0,Credit Card,Completed
5289,240,2024-03-29,1004.0,1,3132.0,0.1,2818.8,Net Banking,Completed
5290,29,2024-03-18,1011.0,1,2254.0,0.05,2141.3,UPI,Completed
5291,436,2024-06-11,1035.0,2,1856.0,0.1,3340.8,COD,Refunded
5292,263,2023-03-19,1039.0,1,445.0,0.2,356.0,UPI,Completed
5293,500,2024-01-16,1029.0,3,4428.0,0.1,11955.6,COD,Completed
5294,16,2023-12-06,1005.0,3,4816.0,0.15,12280.8,Credit Card,Completed
5295,389,2024-06-26,1008.0,1,4255.0,0.15,3616.75,COD,Completed
5296,226,2025-01-03,1024.0,1,4590.0,0.0,4590.0,COD,Completed
5297,24,2023-04-14,1027.0,1,4026.0,0.0,4026.0,Net Banking,Completed
5298,289,2023-08-30,1006.0,1,3257.0,0.0,3257.0,COD,Completed
5299,457,2023-03-29,1032.0,1,1669.0,0.05,1585.55,COD,Cancelled
5300,463,2023-10-29,1033.0,1,1100.0,0.1,990.0,UPI,Cancelled
5301,137,2023-08-19,1003.0,1,3618.0,0.0,3618.0,COD,Completed
5302,217,2023-06-13,1008.0,1,4255.0,0.0,4255.0,Net Banking,Completed
5303,146,2024-12-29,1045.0,1,570.0,0.0,570.0,COD,Cancelled
5304,409,2023-06-02,1043.0,1,2355.0,0.0,2355.0,Net Banking,Refunded
5305,360,2023-03-28,1041.0,1,2490.0,0.05,2365.5,COD,Completed
5306,220,2023-03-06,1002.0,1,1165.0,0.05,1106.75,COD,Completed
5307,174,2023-07-22,1007.0,1,3704.0,0.0,3704.0,Net Banking,Completed
5308,141,2024-09-07,1035.0,1,1856.0,0.0,1856.0,Debit Card,Completed
5309,274,2023-06-25,1026.0,1,3024.0,0.05,2872.8,Debit Card,Completed
5310,203,2023-06-11,1031.0,1,1546.0,0.2,1236.8,Net Banking,Completed
5311,12,2023-11-24,1040.0,1,939.0,0.0,939.0,COD,Completed
5312,459,2024-06-21,1047.0,1,311.0,0.05,295.45,Credit Card,Completed
5313,366,2025-01-05,1027.0,1,4026.0,0.0,4026.0,Credit Card,Completed
5314,128,2023-08-25,1003.0,2,3618.0,0.0,7236.0,Credit Card,Completed
5315,185,2023-12-30,1018.0,1,1997.0,0.0,1997.0,Debit Card,Cancelled
5316,333,2023-08-14,1003.0,2,3618.0,0.05,6874.2,Net Banking,Cancelled
5317,433,2025-01-17,1031.0,1,1546.0,0.0,1546.0,Credit Card,Refunded
5318,359,2023-05-01,1017.0,1,2326.0,0.05,2209.7,UPI,Refunded
5319,444,2023-06-23,1026.0,1,3024.0,0.05,2872.8,Net Banking,Completed
5320,265,2023-04-16,1007.0,1,3704.0,0.1,3333.6,Debit Card,Cancelled
5321,280,2024-05-22,1028.0,1,5991.0,0.05,5691.45,Net Banking,Refunded
5322,357,2023-01-22,1040.0,1,939.0,0.0,939.0,Debit Card,Completed
5323,175,2024-05-19,1038.0,1,1498.0,0.0,1498.0,Credit Card,Refunded
5324,370,2024-08-24,1039.0,1,445.0,0.0,445.0,Credit Card,Completed
5325,357,2023-01-27,1025.0,2,1458.0,0.0,2916.0,UPI,Cancelled
5326,117,2024-12-24,1039.0,1,445.0,0.1,400.5,Credit Card,Completed
5327,211,2024-12-28,1042.0,1,1626.0,0.05,1544.7,Net Banking,Completed
5328,249,2023-10-06,1001.0,1,1559.0,0.05,1481.05,Debit Card,Completed
5329,272,2025-01-01,1017.0,1,2326.0,0.0,2326.0,COD,Completed
5330,315,2025-01-06,1028.0,1,5991.0,0.0,5991.0,Debit Card,Completed
5331,162,2023-09-11,1028.0,2,5991.0,0.0,11982.0,COD,Completed
5332,231,2024-12-25,1020.0,1,2753.0,0.2,2202.4,UPI,Refunded
5333,218,2024-05-26,1009.0,1,3062.0,0.1,2755.8,Credit Card,Cancelled
5334,438,2024-11-03,1041.0,1,2490.0,0.0,2490.0,Debit Card,Cancelled
5335,310,2024-08-12,1039.0,1,445.0,0.15,756.5,UPI,Completed
5336,90,2023-03-24,1010.0,1,6934.0,0.2,5547.2,Net Banking,Cancelled
5337,160,2023-07-11,1026.0,1,3024.0,0.0,3024.0,Credit Card,Completed
5338,144,2023-11-12,1046.0,3,247.0,0.0,741.0,COD,Completed
5339,409,2023-07-25,1034.0,0,1908.0,0.2,3052.8,COD,Refunded
5340,203,2023-08-23,1031.0,1,1546.0,0.2,1236.8,COD,Completed
5341,305,2023-02-13,1023.0,1,1883.0,0.1,2542.05,Debit Card,Cancelled
5342,437,2023-11-22,1011.0,1,2254.0,0.0,2254.0,UPI,Completed
5343,105,2024-08-15,1034.0,1,1908.0,0.1,1717.2,Debit Card,Cancelled
5344,357,2023-02-02,1038.0,1,1498.0,0.15,1273.3,Credit Card,Completed
5345,189,2023-02-09,1017.0,2,2326.0,0.0,4652.0,COD,Completed
5346,167,2023-08-05,1017.0,1,2326.0,0.1,2093.4,Debit Card,Cancelled
5347,157,2024-03-12,1042.0,1,1626.0,0.05,1544.7,UPI,Completed
5348,58,2024-10-03,1009.0,2,3062.0,0.0,6124.0,COD,Refunded
5349,392,2023-02-10,1047.0,3,311.0,0.05,886.35,Net Banking,Completed
5350,225,2024-12-22,1026.0,1,3024.0,0.0,3024.0,Net Banking,Completed
5351,87,2024-04-09,1002.0,1,1165.0,0.1,1048.5,Net Banking,Completed
5352,182,2024-12-28,1001.0,1,1559.0,0.0,1559.0,Credit Card,Cancelled
5353,424,2023-03-22,1003.0,1,3618.0,0.1,3256.2,Debit Card,Completed
5354,369,2024-08-25,1035.0,1,1856.0,0.0,1856.0,Debit Card,Completed
5355,7,2023-12-05,1003.0,2,3618.0,0.15,6150.6,UPI,Refunded
5356,367,2024-03-06,1026.0,1,3024.0,0.05,2872.8,Debit Card,Cancelled
5357,89,2023-03-31,1018.0,1,1997.0,0.15,1697.45,UPI,Cancelled
5358,423,2023-10-07,1035.0,1,1856.0,0.05,1763.2,COD,Refunded
5359,112,2023-04-29,1029.0,1,4428.0,0.05,8413.2,Credit Card,Completed
5360,330,2024-02-19,1039.0,1,445.0,0.05,422.75,COD,
5361,377,2023-06-18,1025.0,1,1458.0,0.05,1385.1,Credit Card,
5362,454,2024-01-23,1045.0,1,570.0,0.0,570.0,Net Banking,Completed
5363,54,2023-08-14,1018.0,1,1997.0,0.05,1897.15,COD,Completed
5364,277,2023-06-04,1025.0,1,1458.0,0.0,1458.0,Credit Card,Refunded
5365,304,2023-06-27,1029.0,1,4428.0,0.0,4428.0,COD,Completed
5366,256,2023-07-19,1002.0,1,1165.0,0.1,1048.5,COD,Completed
5367,444,2023-06-08,1033.0,2,1100.0,0.1,1980.0,UPI,Completed
5368,23,2023-10-27,1008.0,0,4255.0,0.0,4255.0,Net Banking,Cancelled
5369,195,2023-09-15,1008.0,1,4255.0,0.0,4255.0,Net Banking,Refunded
5370,367,2023-12-10,1025.0,1,1458.0,0.05,1385.1,UPI,Cancelled
5371,148,2023-12-24,1004.0,2,3132.0,0.0,6264.0,UPI,Completed
5372,302,2025-01-03,1004.0,1,3132.0,0.0,3132.0,Credit Card,Refunded
5373,100,2023-04-02,1021.0,1,5455.0,0.15,4636.75,UPI,Completed
5374,2,2023-04-21,1013.0,0,269.0,0.1,242.1,COD,Completed
5375,195,2024-01-15,1029.0,1,4428.0,0.0,4428.0,Net Banking,Cancelled
5376,217,2023-06-14,1018.0,1,1997.0,0.0,1997.0,UPI,Completed
5377,363,2023-11-18,1006.0,1,3257.0,0.15,2768.45,Net Banking,Completed
5378,278,2025-01-09,1007.0,1,3704.0,0.1,3333.6,Net Banking,Refunded
5379,22,2023-04-12,1034.0,1,1908.0,0.0,1908.0,COD,Cancelled
5380,104,2023-09-18,1019.0,1,2481.0,0.0,2481.0,Credit Card,Cancelled
5381,199,2023-12-16,1039.0,1,445.0,0.0,445.0,COD,Refunded
5382,460,2024-12-30,1037.0,1,1683.0,0.05,1598.85,UPI,Refunded
5383,187,2023-02-25,1002.0,1,1165.0,0.05,1106.75,COD,Completed
5384,233,2023-07-22,1025.0,1,1458.0,0.05,1385.1,Net Banking,Completed
5385,452,2023-06-22,1045.0,1,570.0,0.0,570.0,COD,
5386,426,2023-07-16,1012.0,1,1799.0,0.0,1799.0,Debit Card,Refunded
5387,479,2023-06-15,1009.0,2,3062.0,0.1,5511.6,Net Banking,Completed
5388,250,2023-11-24,1030.0,1,5929.0,0.0,5929.0,COD,Cancelled
5389,95,2025-01-09,1005.0,1,4816.0,0.05,4575.2,UPI,Completed
5390,312,2023-09-11,1046.0,1,247.0,0.15,209.95,COD,Completed
5391,483,2023-02-07,1031.0,1,1546.0,0.05,1468.7,Debit Card,Completed
5392,137,2024-01-09,1009.0,1,3062.0,0.05,2908.9,Debit Card,Completed
5393,223,2024-11-18,1033.0,1,1100.0,0.1,990.0,Net Banking,Completed
5394,426,2023-06-01,1001.0,1,1559.0,0.0,1559.0,Credit Card,Cancelled
5395,474,2023-10-01,1046.0,2,247.0,0.0,494.0,Credit Card,Completed
5396,143,2024-04-16,1031.0,3,1546.0,0.05,4406.1,UPI,Completed
5397,30,2025-01-17,1032.0,1,1669.0,0.15,1418.65,Net Banking,Completed
5398,124,2023-03-15,1006.0,1,3257.0,0.0,3257.0,UPI,Completed
5399,247,2024-11-09,1005.0,1,4816.0,0.0,4816.0,UPI,Completed
5400,60,2024-07-16,1037.0,1,1683.0,0.0,1683.0,UPI,Completed
5401,162,2023-11-17,1012.0,1,1799.0,0.1,2428.65,UPI,Cancelled
5402,421,2025-01-01,1009.0,1,3062.0,0.0,3062.0,UPI,Completed
5403,3,2023-06-04,1031.0,1,1546.0,0.1,1391.4,COD,Refunded
5404,403,2023-09-17,1020.0,1,2753.0,0.0,2753.0,COD,Completed
5405,268,2024-08-04,1030.0,1,5929.0,0.05,5632.55,Credit Card,Completed
5406,305,2023-03-26,1017.0,1,2326.0,0.0,2326.0,COD,Completed
5407,407,2024-02-26,1047.0,1,311.0,0.0,311.0,UPI,Refunded
5408,110,2024-02-06,1047.0,1,311.0,0.0,311.0,COD,Refunded
5409,207,2023-01-14,1015.0,1,1375.0,0.0,1375.0,Net Banking,Completed
5410,132,2025-01-03,1016.0,1,1479.0,0.15,1257.15,COD,Completed
5411,223,2024-08-24,1003.0,1,3618.0,0.0,3618.0,Debit Card,Completed
5412,477,2025-01-07,1035.0,1,1856.0,0.05,1763.2,Net Banking,Completed
5413,472,2024-05-16,1041.0,3,2490.0,0.0,7470.0,Debit Card,Completed
5414,28,2023-02-12,1029.0,1,4428.0,0.15,3763.8,COD,Cancelled
5415,172,2023-04-13,1023.0,1,1883.0,0.2,1506.4,COD,Completed
5416,18,2023-06-04,1035.0,2,1856.0,0.15,3155.2,UPI,Completed
5417,342,2024-12-31,1007.0,2,3704.0,0.0,7408.0,Net Banking,Refunded
5418,49,2024-01-28,1039.0,3,445.0,0.0,1335.0,Net Banking,Cancelled
5419,28,2023-05-02,1044.0,1,2498.0,0.0,4996.0,Debit Card,Completed
5420,419,2024-12-21,1018.0,-1,1997.0,0.0,1997.0,Credit Card,Completed
5421,225,2024-12-22,1021.0,1,5455.0,0.15,4636.75,Credit Card,Completed
5422,441,2023-05-14,1027.0,1,4026.0,0.05,3824.7,Credit Card,Completed
5423,442,2023-04-21,1047.0,2,311.0,0.15,528.7,Debit Card,Refunded
5424,226,2024-12-30,1040.0,1,939.0,0.0,1408.5,Credit Card,Cancelled
5425,433,2025-01-15,1030.0,1,5929.0,0.0,5929.0,UPI,Completed
5426,468,2023-12-24,1015.0,1,1375.0,0.1,1856.25,Credit Card,Refunded
5427,497,2024-07-07,1020.0,1,2753.0,0.0,2753.0,Debit Card,Completed
5428,179,2023-10-16,1009.0,2,3062.0,0.15,5205.4,UPI,Completed
5429,37,2025-01-12,1035.0,1,1856.0,0.05,1763.2,COD,Completed
5430,316,2023-10-31,1012.0,3,1799.0,0.0,5397.0,COD,Completed
5431,175,2023-10-22,1010.0,1,6934.0,0.0,10401.0,COD,Refunded
5432,7,2023-11-12,1042.0,1,1626.0,0.05,1544.7,UPI,Refunded
5433,38,2023-03-27,1035.0,1,1856.0,0.0,1856.0,Net Banking,Completed
5434,257,2024-01-24,1018.0,1,1997.0,0.0,1997.0,COD,Completed
5435,435,2023-11-20,1019.0,1,2481.0,0.05,2356.95,UPI,
5436,202,2024-04-22,1032.0,1,1669.0,0.1,1502.1,Credit Card,Completed
5437,83,2023-09-04,1041.0,1,2490.0,0.0,2490.0,Debit Card,Completed
5438,67,2023-03-12,1026.0,1,3024.0,0.0,3024.0,Credit Card,Completed
5439,339,2023-02-23,1037.0,1,1683.0,0.0,1683.0,UPI,Completed
5440,8,2024-12-27,1003.0,1,3618.0,0.05,3437.1,Debit Card,Completed
5441,126,2023-08-30,1001.0,1,1559.0,0.2,1247.2,Credit Card,Completed
5442,8,2025-01-15,1008.0,1,4255.0,0.0,4255.0,Debit Card,Completed
5443,459,2024-07-06,1044.0,1,2498.0,0.2,1998.4,COD,Refunded
5444,405,2024-05-23,1035.0,1,1856.0,0.15,1577.6,COD,Refunded
5445,395,2023-06-24,1028.0,1,5991.0,0.0,5991.0,Credit Card,Cancelled
5446,409,2023-05-12,1001.0,2,1559.0,0.0,3118.0,Debit Card,Completed
5447,237,2023-08-27,1030.0,2,5929.0,0.05,11265.1,UPI,Completed
5448,411,2024-05-10,1023.0,-1,1883.0,0.0,1883.0,Credit Card,Cancelled
5449,51,2023-10-25,1042.0,1,1626.0,0.1,1463.4,UPI,Refunded
5450,268,2024-07-22,1037.0,2,1683.0,0.1,3029.4,UPI,Cancelled
5451,396,2023-12-01,1008.0,1,4255.0,0.0,4255.0,COD,Completed
5452,451,2023-11-28,1021.0,1,5455.0,0.0,5455.0,Net Banking,Completed
5453,285,2024-05-09,1034.0,1,1908.0,0.0,1908.0,Net Banking,Completed
5454,274,2023-04-05,1045.0,1,570.0,0.0,570.0,COD,Completed
5455,466,2025-01-01,1031.0,2,1546.0,0.1,2782.8,UPI,Completed
5456,337,2024-11-02,1007.0,3,3704.0,0.0,11112.0,UPI,Completed
5457,91,2025-01-02,1014.0,1,1574.0,0.05,1495.3,Credit Card,Completed
5458,340,2024-04-15,1010.0,1,6934.0,0.0,6934.0,Credit Card,Completed
5459,474,2023-01-23,1034.0,1,1908.0,0.0,1908.0,COD,Refunded
5460,364,2024-03-16,1013.0,1,241.0,0.1,216.9,UPI,Completed
5461,142,2024-08-01,1046.0,1,247.0,0.0,247.0,Debit Card,Cancelled
5462,436,2024-09-03,1009.0,1,3062.0,0.0,3062.0,COD,Completed
5463,48,2023-10-06,1027.0,1,4026.0,0.0,4026.0,Debit Card,Completed
5464,367,2024-01-02,1039.0,1,445.0,0.1,400.5,UPI,Refunded
5465,313,2024-12-24,1035.0,1,1856.0,0.1,1670.4,UPI,Refunded
5466,213,2023-09-13,1044.0,2,2498.0,0.05,4746.2,COD,Cancelled
5467,21,2024-12-23,1011.0,1,2254.0,0.2,1803.2,Debit Card,Completed
5468,127,2023-07-11,1035.0,1,1856.0,0.0,1856.0,UPI,Refunded
5469,411,2024-08-23,1013.0,1,685.0,0.0,685.0,Net Banking,Completed
5470,431,2024-06-09,1026.0,1,3024.0,0.1,2721.6,Credit Card,Cancelled
5471,44,2023-02-12,1037.0,1,1683.0,0.0,1683.0,Debit Card,Completed
5472,154,2024-06-30,1042.0,1,1626.0,0.2,1300.8,COD,Completed
5473,395,2023-05-09,1013.0,1,1120.0,0.0,1120.0,Net Banking,Completed
5474,98,2023-07-19,1009.0,1,3062.0,0.0,3062.0,Debit Card,Completed
5475,496,2023-12-05,1010.0,1,6934.0,0.1,6240.6,COD,Completed
5476,357,2023-02-23,1021.0,1,5455.0,0.0,5455.0,COD,Completed
5477,377,2024-03-11,1032.0,2,1669.0,0.05,3171.1,Net Banking,Refunded
5478,76,2025-01-01,1041.0,1,2490.0,0.0,2490.0,COD,Refunded
5479,350,2023-04-28,1025.0,1,1458.0,0.0,1458.0,Debit Card,Completed
5480,485,2025-01-05,1012.0,2,1799.0,0.05,3418.1,Debit Card,Completed
5481,487,2023-09-03,1013.0,1,342.0,0.0,342.0,Net Banking,Refunded
5482,208,2024-05-11,1002.0,1,1165.0,0.1,1048.5,COD,Cancelled
5483,346,2023-11-16,1018.0,1,1997.0,0.1,1797.3,Debit Card,Completed
5484,485,2025-01-13,1024.0,3,4590.0,0.0,13770.0,Net Banking,Completed
5485,198,2023-12-11,1047.0,1,311.0,0.05,295.45,Debit Card,Completed
5486,65,2023-09-13,1006.0,1,3257.0,0.0,6514.0,Debit Card,Refunded
5487,474,2023-03-07,1040.0,2,939.0,0.0,1878.0,COD,Cancelled
5488,74,2024-04-13,1021.0,1,5455.0,0.0,5455.0,Credit Card,Cancelled
5489,58,2024-04-27,1016.0,1,1479.0,0.15,1257.15,UPI,Refunded
5490,137,2023-06-19,1012.0,1,1799.0,0.15,1529.15,COD,Completed
5491,299,2024-09-05,1013.0,1,1215.0,0.0,1215.0,Debit Card,Completed
5492,110,2024-03-22,1046.0,1,247.0,0.0,247.0,Credit Card,Cancelled
5493,54,2023-09-09,1044.0,2,2498.0,0.0,4996.0,COD,Cancelled
5494,421,2024-10-26,1023.0,2,1883.0,0.0,3766.0,Net Banking,Refunded
5495,48,2023-09-09,1036.0,1,271.0,0.0,271.0,Credit Card,Completed
5496,222,2024-02-05,1033.0,1,1100.0,0.0,1100.0,UPI,Cancelled
5497,58,2024-03-20,1032.0,1,1669.0,0.2,1335.2,COD,Completed
5498,211,2024-10-13,1022.0,2,901.0,0.1,1621.8,Credit Card,Cancelled
5499,296,2024-06-25,1028.0,1,5991.0,0.0,5991.0,Debit Card,Completed
5500,467,2023-04-30,1004.0,1,3132.0,0.0,3132.0,Net Banking,Completed
5501,478,2025-01-02,1035.0,1,1856.0,0.15,1577.6,UPI,Completed
5502,13,2024-06-24,1010.0,1,6934.0,0.05,6587.3,Debit Card,Completed
5503,238,2023-11-09,1043.0,1,2355.0,0.0,2355.0,COD,Completed
5504,355,2023-12-29,1008.0,1,4255.0,0.0,4255.0,Net Banking,Completed
5505,85,2024-12-21,1003.0,1,3618.0,0.0,3618.0,COD,Completed
5506,398,2025-01-01,1026.0,1,3024.0,0.1,2721.6,Credit Card,Cancelled
5507,177,2023-02-16,1009.0,1,3062.0,0.2,2449.6,Credit Card,Completed
5508,76,2024-08-18,1011.0,1,2254.0,0.05,2141.3,Credit Card,Refunded
5509,458,2023-05-04,1034.0,1,1908.0,0.0,1908.0,Debit Card,Completed
5510,116,2025-01-15,1015.0,1,1375.0,0.0,1375.0,UPI,Cancelled
5511,465,2023-08-26,1004.0,1,3132.0,0.0,3132.0,UPI,Cancelled
5512,392,2023-02-27,1033.0,1,1100.0,0.1,990.0,Net Banking,Completed
5513,64,2024-09-15,1010.0,1,6934.0,0.0,6934.0,Credit Card,Refunded
5514,458,2023-11-09,1036.0,1,271.0,0.05,257.45,Net Banking,Cancelled
5515,473,2023-04-07,1046.0,1,247.0,0.05,234.65,Debit Card,Completed
5516,227,2024-08-20,1017.0,1,2326.0,0.0,2326.0,Credit Card,Completed
5517,488,2024-03-23,1011.0,2,2254.0,0.05,4282.6,Debit Card,Completed
5518,79,2023-11-03,1023.0,1,1883.0,0.05,1788.85,Credit Card,Completed
5519,376,2023-05-09,1023.0,1,1883.0,0.0,1883.0,Credit Card,Completed
5520,191,2023-04-02,1042.0,1,1626.0,0.0,1626.0,Credit Card,Cancelled
5521,35,2023-05-30,1042.0,1,1626.0,0.0,1626.0,UPI,Completed
5522,424,2023-12-28,1016.0,1,1479.0,0.05,1405.05,UPI,Completed
5523,335,2025-01-01,1036.0,1,271.0,0.0,271.0,Credit Card,Cancelled
5524,206,2024-12-29,1004.0,1,3132.0,0.0,3132.0,Debit Card,Cancelled
5525,198,2023-12-20,1005.0,1,4816.0,0.0,4816.0,COD,Completed
5526,38,2023-08-22,1012.0,2,1799.0,0.05,3418.1,UPI,Completed
5527,40,2023-07-05,1037.0,1,1683.0,0.05,1598.85,UPI,Refunded
5528,296,2023-11-05,1047.0,1,311.0,0.2,248.8,Debit Card,Cancelled
5529,413,2023-11-13,1012.0,-1,1799.0,0.1,1619.1,Credit Card,Cancelled
5530,342,2025-01-19,1005.0,1,4816.0,0.05,4575.2,Credit Card,Completed
5531,158,2024-03-10,1005.0,2,4816.0,0.05,9150.4,Net Banking,
5532,237,2023-11-09,1035.0,1,1856.0,0.0,3712.0,Credit Card,Completed
5533,219,2023-04-02,1032.0,2,1669.0,0.0,3338.0,Credit Card,Completed
5534,225,2024-12-30,1025.0,1,1458.0,0.0,1458.0,COD,Refunded
5535,319,2023-08-18,1031.0,1,1546.0,0.0,1546.0,COD,Completed
5536,461,2023-04-05,1045.0,1,570.0,0.0,570.0,Debit Card,Cancelled
5537,159,2023-10-16,1013.0,3,326.0,0.05,929.1,Credit Card,Completed
5538,64,2024-01-31,1010.0,1,6934.0,0.0,6934.0,Net Banking,Completed
5539,414,2023-09-16,1025.0,1,1458.0,0.0,1458.0,Net Banking,Completed
5540,4,2023-05-03,1046.0,1,247.0,0.0,247.0,Debit Card,Completed
5541,279,2024-02-16,1043.0,1,2355.0,0.0,2355.0,Debit Card,Cancelled
5542,454,2023-08-15,1006.0,1,3257.0,0.0,3257.0,Debit Card,Completed
5543,440,2024-02-20,1022.0,1,901.0,0.0,901.0,Credit Card,Cancelled
5544,20,2025-01-01,1025.0,3,1458.0,0.05,4155.3,UPI,Cancelled
5545,57,2024-12-22,1041.0,1,2490.0,0.0,2490.0,Credit Card,Completed
5546,26,2023-09-02,1045.0,1,570.0,0.0,855.0,COD,Completed
5547,83,2023-08-11,1030.0,1,5929.0,0.0,5929.0,COD,Completed
5548,149,2024-11-11,1034.0,1,1908.0,0.05,1812.6,Debit Card,Cancelled
5549,473,2023-03-02,1019.0,1,2481.0,0.0,2481.0,Debit Card,Completed
5550,382,2023-04-20,1015.0,1,1375.0,0.0,1375.0,UPI,Refunded
5551,203,2023-05-19,1037.0,2,1683.0,0.05,3197.7,Debit Card,Completed
5552,297,2023-05-30,1029.0,1,4428.0,0.05,4206.6,COD,Completed
5553,389,2024-04-25,1044.0,1,2498.0,0.05,2373.1,Debit Card,Refunded
5554,257,2023-09-27,1027.0,1,4026.0,0.1,3623.4,COD,Refunded
5555,329,2024-06-18,1034.0,1,1908.0,0.15,1621.8,COD,Completed
5556,229,2024-09-13,1009.0,1,3062.0,0.0,3062.0,Debit Card,Cancelled
5557,155,2024-12-22,1034.0,1,1908.0,0.0,1908.0,Net Banking,Completed
5558,410,2023-11-26,1038.0,1,1498.0,0.1,674.1,COD,Completed
5559,222,2024-04-23,1020.0,1,2753.0,0.0,2753.0,UPI,Completed
5560,73,2023-08-11,1023.0,1,1883.0,0.1,1694.7,Net Banking,Completed
5561,443,2025-01-08,1034.0,1,1908.0,0.0,1908.0,UPI,Cancelled
5562,285,2024-10-16,1028.0,3,5991.0,0.0,17973.0,Debit Card,
5563,362,2023-01-21,1024.0,1,4590.0,0.0,4590.0,UPI,Completed
5564,38,2023-08-24,1015.0,2,1375.0,0.05,1306.25,Credit Card,Completed
5565,425,2023-06-04,1027.0,1,4026.0,0.05,3824.7,Debit Card,Completed
5566,235,2023-10-08,1019.0,-1,2481.0,0.0,2481.0,COD,Cancelled
5567,213,2024-06-15,1033.0,1,1100.0,0.05,1045.0,UPI,Refunded
5568,17,2023-10-23,1036.0,1,271.0,0.2,216.8,COD,Completed
5569,441,2023-06-09,1018.0,1,1997.0,0.05,1897.15,Net Banking,Completed
5570,225,2024-12-22,1019.0,1,2481.0,0.0,2481.0,UPI,Completed
5571,80,2024-05-11,1015.0,1,1375.0,0.1,1237.5,COD,Completed
5572,313,2025-01-11,1028.0,1,5991.0,0.0,5991.0,Credit Card,Completed
5573,103,2023-08-06,1009.0,-1,3062.0,0.0,3062.0,Debit Card,Completed
5574,206,2025-01-01,1007.0,1,3704.0,0.15,3148.4,Net Banking,Completed
5575,240,2024-04-15,1029.0,1,4428.0,0.05,4206.6,Debit Card,Cancelled
5576,478,2024-12-24,1001.0,1,1559.0,0.0,1559.0,Debit Card,Completed
5577,128,2023-04-23,1004.0,1,3132.0,0.05,2975.4,Credit Card,Completed
5578,377,2023-08-07,1038.0,1,1498.0,0.0,1498.0,Debit Card,Completed
5579,367,2024-04-05,1009.0,1,3062.0,0.05,2908.9,UPI,Refunded
5580,47,2023-08-24,1030.0,1,5929.0,0.2,4743.2,Debit Card,Completed
5581,30,2025-01-05,1047.0,1,311.0,0.1,279.9,Net Banking,Completed
5582,329,2023-08-13,1041.0,1,2490.0,0.0,2490.0,Credit Card,Refunded
5583,474,2023-06-11,1017.0,1,2326.0,0.0,2326.0,Credit Card,Cancelled
5584,404,2024-12-29,1031.0,1,1546.0,0.0,1546.0,Debit Card,Completed
5585,307,2023-04-24,1003.0,1,3618.0,0.05,3437.1,Debit Card,Refunded
5586,365,2023-06-20,1017.0,2,2326.0,0.1,4186.8,Credit Card,Completed
5587,232,2024-02-12,1037.0,1,1683.0,0.0,1683.0,UPI,Completed
5588,62,2024-08-07,1034.0,1,1908.0,0.05,1812.6,Net Banking,Refunded
5589,414,2023-05-18,1040.0,1,939.0,0.15,798.15,Net Banking,Completed
5590,150,2025-01-03,1045.0,1,570.0,0.05,541.5,COD,Completed
5591,498,2023-04-15,1040.0,1,939.0,0.05,892.05,Net Banking,Completed
5592,53,2023-06-13,1012.0,1,1799.0,0.15,1529.15,Credit Card,Completed
5593,286,2023-11-21,1030.0,1,5929.0,0.0,5929.0,Net Banking,Completed
5594,91,2025-01-07,1044.0,1,2498.0,0.1,2248.2,Credit Card,Completed
5595,379,2024-05-07,1001.0,1,1559.0,0.1,1403.1,Net Banking,Completed
5596,450,2023-05-13,1002.0,1,1165.0,0.1,1048.5,UPI,Completed
5597,139,2024-03-12,1030.0,1,5929.0,0.0,5929.0,COD,Cancelled
5598,351,2025-01-04,1023.0,1,1883.0,0.1,1694.7,Net Banking,Cancelled
5599,132,2024-12-31,1045.0,2,570.0,0.0,1140.0,Debit Card,Refunded
5600,213,2024-01-19,1015.0,1,1375.0,0.0,1375.0,Credit Card,Completed
5601,467,2023-04-03,1023.0,1,1883.0,0.0,1883.0,UPI,Refunded
5602,73,2023-06-19,1039.0,1,445.0,0.05,422.75,COD,Completed
5603,147,2024-06-18,1008.0,1,4255.0,0.15,3616.75,UPI,Completed
5604,78,2024-12-26,1038.0,1,1498.0,0.1,1348.2,Credit Card,Cancelled
5605,238,2023-04-01,1043.0,1,2355.0,0.0,2355.0,Credit Card,Completed
5606,22,2023-05-08,1028.0,1,5991.0,0.0,5991.0,Debit Card,Refunded
5607,50,2023-09-14,1013.0,1,1038.0,0.0,1038.0,Debit Card,Completed
5608,294,2025-01-02,1015.0,1,1375.0,0.0,1375.0,UPI,Completed
5609,487,2023-07-08,1012.0,1,1799.0,0.0,1799.0,Debit Card,Completed
5610,276,2023-06-25,1010.0,2,6934.0,0.05,13174.6,UPI,Completed
5611,54,2023-10-15,1038.0,1,1498.0,0.0,1498.0,Debit Card,Completed
5612,385,2024-06-19,1009.0,1,3062.0,0.05,4363.35,Net Banking,Refunded
5613,227,2024-04-09,1041.0,1,2490.0,0.0,2490.0,Net Banking,Cancelled
5614,145,2023-07-31,1026.0,1,3024.0,0.1,2721.6,Credit Card,Completed
5615,152,2023-08-26,1043.0,1,2355.0,0.05,2237.25,Credit Card,Completed
5616,39,2023-07-15,1013.0,1,949.0,0.05,450.77,Credit Card,
5617,408,2024-12-31,1008.0,1,4255.0,0.0,4255.0,UPI,Completed
5618,242,2023-11-30,1040.0,1,939.0,0.1,845.1,Debit Card,Refunded
5619,295,2024-12-28,1034.0,1,1908.0,0.0,1908.0,UPI,Refunded
5620,30,2024-12-27,1015.0,2,1375.0,0.0,5500.0,UPI,Completed
5621,3,2023-06-20,1023.0,2,1883.0,0.1,3389.4,Credit Card,Cancelled
5622,447,2024-12-06,1007.0,1,3704.0,0.05,3518.8,COD,Completed
5623,461,2023-07-06,1016.0,1,1479.0,0.0,1479.0,COD,Cancelled
5624,88,2023-05-01,1043.0,1,2355.0,0.1,2119.5,Net Banking,Refunded
5625,84,2023-03-08,1030.0,1,5929.0,0.15,5039.65,Credit Card,Refunded
5626,452,2023-07-22,1033.0,1,1100.0,0.0,1100.0,Net Banking,Completed
5627,209,2024-10-16,1006.0,1,3257.0,0.05,3094.15,Credit Card,Cancelled
5628,204,2024-03-01,1030.0,1,5929.0,0.0,5929.0,UPI,Completed
5629,98,2023-11-17,1010.0,1,6934.0,0.1,6240.6,Credit Card,Refunded
5630,51,2023-10-31,1044.0,1,2498.0,0.05,2373.1,Net Banking,Completed
5631,378,2023-10-01,1039.0,1,445.0,0.0,445.0,Net Banking,Completed
5632,488,2023-11-23,1031.0,1,1546.0,0.0,3092.0,Credit Card,Refunded
5633,4,2023-06-08,1041.0,2,2490.0,0.05,4731.0,Credit Card,Completed
5634,395,2025-01-17,1040.0,1,939.0,0.05,892.05,UPI,Refunded
5635,181,2023-07-23,1038.0,1,1498.0,0.15,1273.3,Debit Card,Completed
5636,339,2023-03-12,1032.0,1,1669.0,0.05,1585.55,Net Banking,Completed
5637,193,2025-01-08,1024.0,1,4590.0,0.1,4131.0,Debit Card,Refunded
5638,295,2024-11-08,1007.0,1,3704.0,0.0,3704.0,Credit Card,Refunded
5639,176,2025-01-14,1021.0,1,5455.0,0.0,5455.0,Debit Card,Cancelled
5640,454,2023-09-12,1009.0,1,3062.0,0.05,2908.9,COD,Completed
5641,211,2024-10-15,1028.0,1,5991.0,0.2,4792.8,Net Banking,Refunded
5642,249,2023-11-25,1002.0,1,1165.0,0.05,1106.75,Debit Card,Cancelled
5643,287,2023-04-27,1023.0,1,1883.0,0.15,1600.55,Credit Card,Refunded
5644,411,2024-01-24,1039.0,1,445.0,0.1,400.5,Net Banking,Completed
5645,266,2023-07-08,1041.0,1,2490.0,0.0,2490.0,Net Banking,Completed
5646,150,2024-12-26,1038.0,1,1498.0,0.0,1498.0,COD,Completed
5647,413,2023-11-30,1026.0,2,3024.0,0.0,6048.0,Credit Card,Completed
5648,205,2024-11-21,1009.0,3,3062.0,0.0,9186.0,UPI,Completed
5649,431,2024-05-19,1035.0,1,1856.0,0.05,1763.2,UPI,Completed
5650,285,2024-08-16,1035.0,1,1856.0,0.0,1856.0,Debit Card,Cancelled
5651,342,2024-12-24,1035.0,1,1856.0,0.05,1763.2,COD,Completed
5652,178,2023-02-14,1027.0,3,4026.0,0.0,12078.0,UPI,Completed
5653,25,2024-04-27,1001.0,1,1559.0,0.05,1481.05,UPI,Cancelled
5654,304,2023-09-23,1039.0,1,445.0,0.0,445.0,Debit Card,Cancelled
5655,50,2023-05-07,1036.0,1,271.0,0.05,257.45,Net Banking,Completed
5656,230,2023-12-16,1037.0,1,1683.0,0.1,1514.7,COD,Completed
5657,242,2024-08-28,1011.0,1,2254.0,0.05,1070.65,Net Banking,Completed
5658,191,2023-03-31,1045.0,1,570.0,0.0,570.0,Credit Card,Completed
5659,308,2024-02-23,1039.0,2,445.0,0.0,890.0,COD,Cancelled
5660,463,2023-10-16,1026.0,1,3024.0,0.0,3024.0,Credit Card,Completed
5661,60,2024-06-28,1021.0,2,5455.0,0.05,10364.5,Net Banking,Completed
5662,394,2024-04-20,1012.0,-1,1799.0,0.15,1529.15,Debit Card,Completed
5663,226,2025-01-11,1002.0,1,1165.0,0.0,1165.0,Debit Card,Completed
5664,191,2023-02-18,1039.0,1,445.0,0.0,445.0,COD,Completed
5665,116,2025-01-09,1001.0,1,1559.0,0.0,1559.0,Credit Card,Completed
5666,53,2023-06-11,1011.0,-1,2254.0,0.15,1915.9,Credit Card,Cancelled
5667,338,2025-01-02,1012.0,2,1799.0,0.15,3058.3,Credit Card,Cancelled
5668,473,2023-02-26,1041.0,1,2490.0,0.2,1992.0,COD,Completed
5669,329,2023-04-19,1035.0,1,1856.0,0.05,1763.2,COD,Completed
5670,167,2023-08-14,1011.0,1,2254.0,0.05,2141.3,Debit Card,Completed
5671,52,2023-05-11,1026.0,1,3024.0,0.05,2872.8,UPI,Cancelled
5672,29,2023-12-10,1022.0,2,901.0,0.05,1711.9,UPI,Refunded
5673,133,2023-02-09,1029.0,1,4428.0,0.0,4428.0,Debit Card,Completed
5674,396,2024-01-13,1010.0,1,6934.0,0.15,5893.9,UPI,Completed
5675,427,2023-09-14,1030.0,1,5929.0,0.05,5632.55,Credit Card,Cancelled
5676,134,2023-04-21,1019.0,1,2481.0,0.05,1178.47,UPI,Refunded
5677,114,2025-01-13,1008.0,1,4255.0,0.0,4255.0,Credit Card,Completed
5678,423,2023-10-30,1042.0,1,1626.0,0.05,1544.7,Net Banking,Refunded
5679,260,2024-05-03,1035.0,2,1856.0,0.1,3340.8,Net Banking,Completed
5680,279,2023-09-24,1031.0,1,1546.0,0.0,1546.0,Debit Card,Completed
5681,93,2025-01-16,1029.0,1,4428.0,0.0,4428.0,Credit Card,Completed
5682,248,2024-01-06,1033.0,1,1100.0,0.05,1045.0,Credit Card,Cancelled
5683,150,2025-01-01,1018.0,2,1997.0,0.0,3994.0,Credit Card,Cancelled
5684,304,2023-09-24,1026.0,1,3024.0,0.0,3024.0,Credit Card,Cancelled
5685,301,2024-03-10,1039.0,1,445.0,0.15,378.25,UPI,Completed
5686,313,2025-01-01,1037.0,1,1683.0,0.0,841.5,Debit Card,Refunded
5687,246,2023-11-09,1015.0,1,1375.0,0.05,1306.25,Credit Card,Completed
5688,49,2024-06-05,1046.0,1,247.0,0.05,234.65,Credit Card,Completed
5689,334,2023-02-02,1019.0,1,2481.0,0.1,2232.9,COD,Refunded
5690,371,2023-11-13,1030.0,1,5929.0,0.0,5929.0,Debit Card,Cancelled
5691,326,2023-04-10,1046.0,1,247.0,0.1,222.3,COD,Completed
5692,27,2023-07-28,1012.0,1,1799.0,0.0,1799.0,UPI,Refunded
5693,420,2023-03-11,1009.0,1,3062.0,0.05,2908.9,UPI,Cancelled
5694,237,2023-08-23,1001.0,2,1559.0,0.1,2806.2,Debit Card,Completed
5695,416,2025-01-16,1018.0,1,1997.0,0.0,1997.0,Net Banking,Refunded
5696,268,2024-04-30,1007.0,1,3704.0,0.1,3333.6,Debit Card,Refunded
5697,386,2025-01-06,1035.0,1,1856.0,0.0,1856.0,COD,Cancelled
5698,41,2025-01-11,1018.0,2,1997.0,0.0,1997.0,COD,Refunded
5699,323,2024-06-27,1011.0,1,2254.0,0.0,2254.0,COD,Completed
5700,442,2023-05-28,1028.0,2,5991.0,0.05,11382.9,Debit Card,Completed
5701,382,2024-01-17,1033.0,1,1100.0,0.0,1100.0,Debit Card,Completed
5702,100,2023-04-22,1009.0,1,3062.0,0.0,3062.0,COD,Completed
5703,41,2025-01-19,1016.0,3,1479.0,0.05,4215.15,Credit Card,Completed
5704,331,2024-12-23,1021.0,1,5455.0,0.0,5455.0,Debit Card,Refunded
5705,424,2023-06-22,1035.0,1,1856.0,0.15,1577.6,UPI,Completed
5706,451,2023-08-05,1009.0,1,3062.0,0.1,2755.8,COD,Completed
5707,255,2024-09-07,1014.0,1,1574.0,0.0,1574.0,COD,Completed
5708,369,2024-11-23,1039.0,1,445.0,0.0,445.0,UPI,Completed
5709,321,2025-01-09,1035.0,1,1856.0,0.15,1577.6,Debit Card,
5710,325,2023-06-28,1019.0,1,2481.0,0.0,2481.0,Credit Card,Cancelled
5711,300,2023-10-30,1032.0,1,1669.0,0.0,1669.0,Debit Card,Cancelled
5712,127,2023-11-29,1026.0,3,3024.0,0.05,8618.4,Net Banking,Completed
5713,249,2024-01-09,1012.0,1,1799.0,0.15,1529.15,Net Banking,Cancelled
5714,3,2024-05-27,1022.0,2,901.0,0.0,1802.0,Debit Card,Completed
5715,36,2023-08-08,1046.0,1,247.0,0.0,247.0,Debit Card,Cancelled
5716,325,2023-07-17,1014.0,1,1574.0,0.15,1337.9,UPI,Completed
5717,500,2023-08-29,1024.0,3,4590.0,0.0,13770.0,Net Banking,Completed
5718,110,2024-02-02,1001.0,1,1559.0,0.0,1559.0,UPI,Refunded
5719,135,2023-06-26,1041.0,1,2490.0,0.0,2490.0,COD,Completed
5720,163,2024-10-18,1014.0,2,1574.0,0.05,2990.6,Net Banking,Cancelled
5721,134,2023-03-20,1045.0,1,570.0,0.15,484.5,COD,Completed
5722,89,2023-03-20,1012.0,1,1799.0,0.1,1619.1,Debit Card,Cancelled
5723,447,2025-01-09,1023.0,1,1883.0,0.1,1694.7,Net Banking,Refunded
5724,70,2023-05-31,1032.0,1,1669.0,0.0,1669.0,COD,Cancelled
5725,492,2023-09-06,1036.0,3,271.0,0.1,731.7,UPI,
5726,104,2023-08-29,1020.0,2,2753.0,0.05,5230.7,Net Banking,Refunded
5727,106,2023-08-03,1036.0,1,271.0,0.05,257.45,Credit Card,Completed
5728,208,2024-04-09,1019.0,1,2481.0,0.0,2481.0,COD,Completed
5729,7,2023-10-30,1040.0,2,939.0,0.15,1596.3,UPI,Cancelled
5730,96,2024-12-06,1035.0,1,1856.0,0.0,1856.0,Debit Card,Completed
5731,35,2023-04-25,1042.0,1,1626.0,0.15,1382.1,Debit Card,Completed
5732,231,2025-01-06,1030.0,0,5929.0,0.0,5929.0,Debit Card,Refunded
5733,52,2023-02-22,1037.0,1,1683.0,0.0,1683.0,UPI,Refunded
5734,31,2023-02-22,1040.0,1,939.0,0.05,892.05,Credit Card,Completed
5735,385,2025-01-11,1035.0,3,1856.0,0.0,5568.0,Net Banking,Completed
5736,131,2023-07-05,1037.0,1,1683.0,0.0,1683.0,Credit Card,Completed
5737,95,2025-01-10,1001.0,1,1559.0,0.15,1325.15,UPI,Cancelled
5738,56,2023-01-17,1035.0,1,1856.0,0.0,1856.0,UPI,Cancelled
5739,353,2024-07-17,1025.0,1,1458.0,0.0,1458.0,UPI,Completed
5740,479,2023-06-16,1010.0,1,6934.0,0.0,6934.0,Net Banking,Cancelled
5741,370,2024-06-10,1009.0,1,3062.0,0.0,3062.0,UPI,
5742,174,2024-03-03,1030.0,1,5929.0,0.0,5929.0,Debit Card,Completed
5743,490,2023-12-03,1037.0,3,1683.0,0.0,5049.0,Credit Card,Completed
5744,386,2024-12-26,1003.0,1,3618.0,0.0,3618.0,COD,Cancelled
5745,22,2023-11-15,1033.0,1,1100.0,0.0,1100.0,UPI,Completed
5746,412,2024-03-16,1017.0,1,2326.0,0.15,1977.1,Net Banking,Completed
5747,57,2025-01-01,1011.0,1,2254.0,0.2,1803.2,Debit Card,Cancelled
5748,157,2024-11-05,1016.0,1,1479.0,0.2,1183.2,Debit Card,Completed
5749,439,2023-06-13,1009.0,0,3062.0,0.0,3062.0,Credit Card,Completed
5750,467,2023-05-05,1038.0,1,1498.0,0.0,1498.0,COD,Completed
5751,140,2024-08-23,1020.0,1,2753.0,0.0,2753.0,COD,Cancelled
5752,12,2023-12-20,1014.0,1,1574.0,0.0,1574.0,Credit Card,Completed
5753,241,2024-02-15,1027.0,1,4026.0,0.0,4026.0,Credit Card,Completed
5754,139,2023-12-24,1023.0,1,1883.0,0.0,1883.0,Credit Card,Completed
5755,55,2024-01-04,1007.0,1,3704.0,0.0,3704.0,Credit Card,Completed
5756,413,2023-11-07,1028.0,1,5991.0,0.0,5991.0,COD,Refunded
5757,454,2023-08-06,1027.0,1,4026.0,0.05,3824.7,Net Banking,Refunded
5758,65,2023-06-09,1014.0,1,1574.0,0.2,1259.2,Debit Card,Completed
5759,234,2024-01-25,1017.0,1,2326.0,0.1,2093.4,COD,Completed
5760,57,2025-01-01,1003.0,1,3618.0,0.05,3437.1,UPI,
5761,26,2023-09-27,1026.0,1,3024.0,0.1,2721.6,Net Banking,Completed
5762,312,2023-08-09,1047.0,1,311.0,0.1,279.9,COD,Completed
5763,138,2024-11-22,1033.0,1,1100.0,0.0,1100.0,Credit Card,Completed
5764,294,2025-01-13,1034.0,1,1908.0,0.0,1908.0,Credit Card,Completed
5765,34,2023-06-26,1011.0,1,2254.0,0.1,2028.6,Debit Card,Completed
5766,463,2023-10-15,1022.0,1,901.0,0.0,901.0,COD,Completed
5767,266,2023-12-23,1025.0,1,1458.0,0.0,1458.0,COD,Completed
5768,57,2025-01-06,1040.0,1,939.0,0.05,892.05,UPI,Completed
5769,130,2023-06-04,1008.0,1,4255.0,0.0,4255.0,Net Banking,
5770,291,2023-08-31,1041.0,1,2490.0,0.0,2490.0,COD,Cancelled
5771,345,2023-07-18,1035.0,2,1856.0,0.05,3526.4,Net Banking,Completed
5772,5,2023-09-25,1035.0,1,1856.0,0.0,1856.0,COD,Completed
5773,218,2023-12-03,1031.0,3,1546.0,0.0,2319.0,COD,Refunded
5774,142,2024-06-05,1044.0,1,2498.0,0.0,2498.0,Net Banking,Completed
5775,43,2023-07-24,1007.0,1,3704.0,0.0,3704.0,Debit Card,Completed
5776,169,2023-04-18,1033.0,1,1100.0,0.05,1045.0,Credit Card,Completed
5777,326,2023-04-22,1017.0,1,2326.0,0.05,2209.7,Debit Card,Completed
5778,212,2024-05-10,1027.0,1,4026.0,0.0,4026.0,Debit Card,Completed
5779,298,2024-02-04,1046.0,1,247.0,0.0,247.0,UPI,Completed
5780,282,2023-09-04,1009.0,1,3062.0,0.05,1454.45,UPI,Refunded
5781,353,2024-05-09,1033.0,1,1100.0,0.0,1100.0,UPI,Completed
5782,77,2023-03-12,1026.0,1,3024.0,0.05,2872.8,Debit Card,Completed
5783,464,2023-12-16,1009.0,1,3062.0,0.1,2755.8,Debit Card,Cancelled
5784,82,2023-09-02,1015.0,1,1375.0,0.0,687.5,COD,Completed
5785,487,2023-05-09,1009.0,1,3062.0,0.0,3062.0,Credit Card,Completed
5786,403,2023-09-25,1041.0,3,2490.0,0.0,14940.0,UPI,Cancelled
5787,453,2025-01-18,1004.0,1,3132.0,0.0,3132.0,UPI,Completed
5788,44,2023-02-10,1009.0,1,3062.0,0.05,2908.9,Credit Card,Completed
5789,463,2024-06-06,1009.0,1,3062.0,0.2,2449.6,Credit Card,Completed
5790,16,2023-09-25,1042.0,0,1626.0,0.15,2764.2,Debit Card,Cancelled
5791,115,2024-02-07,1047.0,2,311.0,0.1,559.8,Credit Card,Completed
5792,458,2023-04-04,1010.0,3,6934.0,0.0,20802.0,UPI,Cancelled
5793,55,2024-01-26,1040.0,1,939.0,0.0,939.0,Debit Card,Completed
5794,252,2023-01-09,1010.0,1,6934.0,0.0,6934.0,COD,Cancelled
5795,87,2024-04-07,1011.0,2,2254.0,0.1,4057.2,Credit Card,Cancelled
5796,202,2023-09-29,1029.0,3,4428.0,0.05,12619.8,Debit Card,Cancelled
5797,478,2024-12-28,1026.0,3,3024.0,0.15,7711.2,Net Banking,Refunded
5798,453,2025-01-12,1027.0,2,4026.0,0.0,8052.0,Debit Card,Refunded
5799,243,2025-01-05,1006.0,1,3257.0,0.05,3094.15,Net Banking,Completed
5800,500,2023-09-05,1007.0,1,3704.0,0.0,3704.0,Credit Card,Completed
5801,121,2024-05-27,1021.0,2,5455.0,0.1,9819.0,Net Banking,Cancelled
5802,281,2023-06-03,1010.0,2,6934.0,0.0,13868.0,COD,Completed
5803,378,2024-01-02,1023.0,0,1883.0,0.0,1883.0,Debit Card,Completed
5804,330,2023-10-31,1006.0,1,3257.0,0.0,3257.0,COD,Completed
5805,282,2023-09-24,1006.0,1,3257.0,0.0,6514.0,Credit Card,Completed
5806,173,2024-09-26,1044.0,1,2498.0,0.0,2498.0,UPI,Completed
5807,271,2023-10-27,1034.0,1,1908.0,0.1,1717.2,Debit Card,Cancelled
5808,444,2023-06-02,1002.0,1,1165.0,0.0,1165.0,Credit Card,Completed
5809,418,2024-12-22,1024.0,1,4590.0,0.05,4360.5,Credit Card,Completed
5810,442,2023-02-12,1002.0,1,1165.0,0.0,1165.0,Net Banking,Refunded
5811,3,2023-10-27,1016.0,1,1479.0,0.0,1479.0,UPI,Cancelled
5812,30,2025-01-13,1011.0,1,2254.0,0.05,2141.3,COD,Refunded
5813,310,2024-12-31,1004.0,1,3132.0,0.1,1409.4,UPI,Cancelled
5814,124,2023-04-12,1007.0,1,3704.0,0.0,3704.0,Net Banking,Refunded
5815,24,2023-04-10,1007.0,2,3704.0,0.1,6667.2,COD,Completed
5816,385,2025-01-18,1047.0,1,311.0,0.0,311.0,COD,Cancelled
5817,169,2023-03-30,1024.0,2,4590.0,0.05,8721.0,Credit Card,Completed
5818,173,2024-10-05,1034.0,1,1908.0,0.0,1908.0,Net Banking,Refunded
5819,268,2024-07-05,1001.0,1,1559.0,0.1,1403.1,Net Banking,Completed
5820,58,2024-05-05,1027.0,1,4026.0,0.0,4026.0,Net Banking,Refunded
5821,500,2023-09-03,1010.0,1,6934.0,0.0,6934.0,Debit Card,Cancelled
5822,247,2024-07-15,1032.0,1,1669.0,0.05,1585.55,Net Banking,Completed
5823,450,2023-10-05,1027.0,1,4026.0,0.0,4026.0,COD,Completed
5824,8,2025-01-04,1044.0,1,2498.0,0.05,2373.1,UPI,Refunded
5825,8,2025-01-14,1042.0,1,1626.0,0.15,1382.1,Net Banking,Completed
5826,494,2023-12-17,1012.0,1,1799.0,0.1,1619.1,COD,Cancelled
5827,343,2023-04-05,1025.0,1,1458.0,0.1,1312.2,Net Banking,Completed
5828,411,2023-12-28,1029.0,1,4428.0,0.0,4428.0,COD,Completed
5829,436,2023-12-20,1024.0,1,4590.0,0.15,3901.5,UPI,Completed
5830,430,2023-10-10,1027.0,-1,4026.0,0.1,7246.8,Credit Card,Completed
5831,187,2023-03-28,1003.0,3,3618.0,0.2,8683.2,Debit Card,Completed
5832,435,2023-09-19,1014.0,1,1574.0,0.05,1495.3,Credit Card,Refunded
5833,148,2023-08-24,1035.0,-1,1856.0,0.05,3526.4,COD,Cancelled
5834,415,2023-05-20,1005.0,1,4816.0,0.0,4816.0,UPI,Completed
5835,194,2023-06-19,1031.0,1,1546.0,0.1,1391.4,Net Banking,Completed
5836,366,2024-12-25,1016.0,1,1479.0,0.15,1257.15,COD,Completed
5837,47,2023-04-14,1006.0,1,3257.0,0.0,3257.0,Net Banking,Cancelled
5838,133,2023-08-11,1010.0,1,6934.0,0.1,6240.6,Debit Card,Completed
5839,242,2023-11-22,1016.0,1,1479.0,0.0,1479.0,COD,Completed
5840,395,2023-05-22,1005.0,2,4816.0,0.15,8187.2,COD,Completed
5841,191,2023-03-07,1037.0,1,1683.0,0.0,1683.0,COD,Completed
5842,237,2023-10-31,1011.0,1,2254.0,0.0,2254.0,Debit Card,Cancelled
5843,396,2023-10-20,1018.0,1,1997.0,0.0,1997.0,UPI,Cancelled
5844,14,2025-01-05,1014.0,1,1574.0,0.05,1495.3,Net Banking,Completed
5845,273,2023-11-16,1042.0,1,1626.0,0.0,1626.0,Debit Card,Cancelled
5846,158,2025-01-12,1034.0,1,1908.0,0.0,1908.0,COD,Completed
5847,434,2024-03-16,1021.0,1,5455.0,0.05,5182.25,Debit Card,Completed
5848,133,2023-06-10,1026.0,1,3024.0,0.0,3024.0,COD,Refunded
5849,427,2023-07-26,1020.0,3,2753.0,0.0,8259.0,Net Banking,Cancelled
5850,350,2023-02-20,1014.0,1,1574.0,0.15,1337.9,Credit Card,
5851,465,2023-08-26,1004.0,1,3132.0,0.0,3132.0,UPI,
5852,424,2023-03-22,1003.0,1,3618.0,0.1,3256.2,Debit Card,Completed
5853,30,2025-01-05,1047.0,1,311.0,0.1,279.9,Net Banking,Completed
5854,279,2024-02-16,1043.0,1,2355.0,0.0,2355.0,Debit Card,Cancelled
5855,76,2025-01-01,1041.0,1,2490.0,0.0,2490.0,COD,Refunded
5856,226,2024-12-30,1040.0,1,939.0,0.0,1408.5,Credit Card,Cancelled
